{"has_child":1,"home_url":"https:\/\/octavemandolins.softsys.ca","child_file":{"octavemandolins.softsys.ca_wpvivid-62a6df9603484_2022-06-13-00-56_backup_plugin.part001.zip":{"file_type":"plugin","plugin":{"akismet":{"slug":"akismet","size":256230},"all-in-one-wp-migration":{"slug":"all-in-one-wp-migration","size":1180342},"all-in-one-seo-pack":{"slug":"all-in-one-seo-pack","size":10681323},"amp":{"slug":"amp","size":8665591},"amazon-polly":{"slug":"amazon-polly","size":37744657},"block-visibility":{"slug":"block-visibility","size":636718},"event-tickets":{"slug":"event-tickets","size":27745132},"google-analytics-for-wordpress":{"slug":"google-analytics-for-wordpress","size":9758742},"jetpack":{"slug":"jetpack","size":23816423},"menu-image":{"slug":"menu-image","size":3302657},"search-filter":{"slug":"search-filter","size":135119},"search-in-place":{"slug":"search-in-place","size":211194},"simple-tags":{"slug":"simple-tags","size":1348477},"sp-client-document-manager":{"slug":"sp-client-document-manager","size":2898552},"the-events-calendar":{"slug":"the-events-calendar","size":30245559},"ultimate-member":{"slug":"ultimate-member","size":6438365},"user-private-files":{"slug":"user-private-files","size":65991},"w3-total-cache":{"slug":"w3-total-cache","size":30161871},"wp-docs":{"slug":"wp-docs","size":4374611},"wp-mail-smtp":{"slug":"wp-mail-smtp","size":9961525},"wp-responsive-tabs":{"slug":"wp-responsive-tabs","size":86982}},"root_flag":"wp-content","file":"octavemandolins.softsys.ca_wpvivid-62a6df9603484_2022-06-13-00-56_backup_plugin.part001.zip","php_version":"8.0.17","mysql_version":"10.6.7"}},"root_flag":"custom","file":"octavemandolins.softsys.ca_wpvivid-62a6df9603484_2022-06-13-00-56_backup_all.part001.zip","php_version":"8.0.17","mysql_version":"10.6.7"}